{"5db13cd": [{"section": 1, "count": 8, "time": 0.18, "leader_keypoints": [], "follower_keypoints": [[712.4466552734375, 322.06402587890625], [717.60986328125, 315.89312744140625], [704.8164672851562, 316.6807861328125], [724.803955078125, 321.3670654296875], [693.3216552734375, 323.3913269042969], [737.5328369140625, 358.0025634765625], [684.717041015625, 356.6415100097656], [784.5956420898438, 376.7660217285156], [647.51611328125, 348.62054443359375], [832.2626953125, 367.26837158203125], [605.1441040039062, 330.0069580078125], [729.8157958984375, 448.9859924316406], [692.3145141601562, 447.9859619140625], [728.96875, 531.3653564453125], [692.3899536132812, 534.8943481445312], [709.252197265625, 600.8528442382812], [685.8343505859375, 610.927001953125]]}, {"section": 2, "count": 1, "time": 0.66, "leader_keypoints": [], "follower_keypoints": [[758.1011962890625, 337.5198059082031], [761.798583984375, 330.2834777832031], [750.3742065429688, 333.1047058105469], [772.7508544921875, 330.2325439453125], [743.0064086914062, 337.5946044921875], [792.7625122070312, 357.2229919433594], [740.5038452148438, 360.2696838378906], [828.5633544921875, 381.73187255859375], [708.8160400390625, 397.915283203125], [879.86767578125, 382.2811584472656], [749.2730102539062, 413.34417724609375], [772.216552734375, 457.9316711425781], [734.6530151367188, 454.24102783203125], [805.82568359375, 535.1256103515625], [737.5840454101562, 537.245361328125], [809.2362060546875, 610.215576171875], [702.4486083984375, 616.130126953125]]}, {"section": 2, "count": 2, "time": 1.14, "leader_keypoints": [[743.3050537109375, 322.369140625], [753.0027465820312, 317.76031494140625], [742.3110961914062, 314.37860107421875], [773.3397216796875, 324.81585693359375], [742.7791748046875, 314.7500305175781], [781.3641967773438, 364.938232421875], [739.458984375, 340.486083984375], [792.0180053710938, 407.3914489746094], [719.970947265625, 333.46826171875], [807.158203125, 431.05755615234375], [721.6583862304688, 335.3974304199219], [782.2975463867188, 452.5641174316406], [758.57177734375, 450.16339111328125], [798.8367919921875, 538.0880126953125], [783.8480224609375, 538.1040649414062], [868.4660034179688, 600.2138061523438], [819.9169921875, 607.1034545898438]], "follower_keypoints": [[708.39013671875, 342.1954345703125], [716.1980590820312, 337.26568603515625], [703.662841796875, 334.9187316894531], [725.77587890625, 344.03961181640625], [694.2727661132812, 338.2804870605469], [720.9068603515625, 377.72332763671875], [687.94384765625, 372.56298828125], [757.7607421875, 407.1844787597656], [689.5169677734375, 409.5093078613281], [796.5555419921875, 425.5465087890625], [681.786865234375, 437.7953796386719], [706.8029174804688, 466.9549255371094], [686.37646484375, 464.8160400390625], [704.3021240234375, 552.6303100585938], [667.2631225585938, 541.8372802734375], [780.6629638671875, 593.443115234375], [705.22607421875, 609.6134033203125]]}, {"section": 2, "count": 3, "time": 1.62, "leader_keypoints": [[630.3779907226562, 328.7058410644531], [638.3117065429688, 323.3061218261719], [625.0382080078125, 321.8556213378906], [650.0952758789062, 327.64288330078125], [616.6948852539062, 324.59417724609375], [662.8143920898438, 360.0794677734375], [598.3220825195312, 354.235595703125], [708.779296875, 377.13262939453125], [551.4684448242188, 377.4873046875], [701.7398681640625, 355.8172607421875], [529.9475708007812, 392.0767822265625], [642.6510620117188, 454.051513671875], [610.4564819335938, 452.5311279296875], [590.3585205078125, 523.5574951171875], [639.0865478515625, 552.250244140625], [595.720947265625, 611.0795288085938], [702.8633422851562, 581.9185791015625]], "follower_keypoints": []}, {"section": 2, "count": 4, "time": 2.08, "leader_keypoints": [], "follower_keypoints": [[507.047119140625, 347.0107421875], [512.3702392578125, 340.3909912109375], [501.2279052734375, 340.71533203125], [522.98779296875, 343.3455505371094], [492.76629638671875, 345.31353759765625], [523.6342163085938, 370.8861389160156], [480.83319091796875, 370.3223876953125], [531.6387939453125, 408.9557800292969], [467.5093994140625, 415.87530517578125], [569.3619384765625, 441.3023376464844], [481.2962646484375, 448.6791687011719], [486.27105712890625, 453.53765869140625], [452.1829833984375, 447.7578125], [512.0221557617188, 529.1768188476562], [414.32196044921875, 534.7081909179688], [507.9742431640625, 608.0597534179688], [374.35760498046875, 607.0454711914062]]}, {"section": 2, "count": 5, "time": 2.56, "leader_keypoints": [], "follower_keypoints": [[427.2939147949219, 328.5113525390625], [434.3417053222656, 323.61212158203125], [422.24920654296875, 322.1264343261719], [445.43450927734375, 328.5653991699219], [414.72735595703125, 324.42767333984375], [454.19158935546875, 351.68829345703125], [402.9480285644531, 346.54400634765625], [499.2809143066406, 369.3877258300781], [373.32666015625, 335.5938720703125], [551.8646240234375, 371.2348937988281], [365.5606384277344, 297.95947265625], [438.5928649902344, 435.2984619140625], [405.439208984375, 436.0830383300781], [467.8695068359375, 527.9345092773438], [399.1298828125, 531.193359375], [502.1690368652344, 597.7557373046875], [397.99456787109375, 613.3065185546875]]}, {"section": 2, "count": 6, "time": 3.04, "leader_keypoints": [], "follower_keypoints": [[447.48779296875, 325.96044921875], [452.2228698730469, 318.33453369140625], [442.72406005859375, 322.01470947265625], [471.14898681640625, 318.95159912109375], [444.0743713378906, 328.6109924316406], [498.68121337890625, 355.787841796875], [445.08563232421875, 354.279296875], [516.8099975585938, 399.78179931640625], [396.1463317871094, 342.83306884765625], [530.8052978515625, 441.95513916015625], [395.8640441894531, 313.2430419921875], [500.9125671386719, 447.2801818847656], [463.7879333496094, 447.36328125], [522.5274658203125, 529.0947265625], [445.40191650390625, 529.4647216796875], [515.74169921875, 604.6912841796875], [428.2803039550781, 607.802490234375]]}, {"section": 2, "count": 7, "time": 3.52, "leader_keypoints": [[521.548828125, 315.27081298828125], [529.0347900390625, 310.08740234375], [516.0672607421875, 308.20587158203125], [539.1552734375, 317.33990478515625], [505.3070373535156, 311.7725830078125], [543.40966796875, 352.88409423828125], [478.15167236328125, 338.14642333984375], [556.2564086914062, 389.5869140625], [430.56610107421875, 361.82452392578125], [560.0462036132812, 406.4317321777344], [477.101318359375, 372.64422607421875], [527.14013671875, 442.4262390136719], [479.5487060546875, 437.6878356933594], [542.5775756835938, 525.1791381835938], [456.74542236328125, 525.66943359375], [554.5650634765625, 607.7813720703125], [434.457275390625, 605.500244140625]], "follower_keypoints": [[551.1490478515625, 326.1272888183594], [558.8504028320312, 322.7963562011719], [553.0774536132812, 321.0458068847656], [572.4395751953125, 332.8179016113281], [558.8181762695312, 329.4688720703125], [575.05712890625, 363.9293518066406], [559.546875, 355.7071228027344], [547.7470092773438, 412.7593994140625], [520.5132446289062, 367.2535400390625], [525.8768310546875, 416.42022705078125], [482.21466064453125, 373.4576416015625], [575.68603515625, 443.5346374511719], [575.6179809570312, 441.3293762207031], [555.503662109375, 530.0964965820312], [567.0838012695312, 527.433837890625], [577.5972290039062, 605.9813232421875], [594.0714721679688, 604.119384765625]]}, {"section": 2, "count": 8, "time": 4.0,